{"cameraMode":{"drawMode":0,"name":"Shaded","section":"Shading Mode"},"sceneLighting":true,"audioPlay":false,"sceneViewState":{"m_AlwaysRefresh":false,"showFog":true,"showSkybox":true,"showFlares":true,"showImageEffects":true,"showParticleSystems":true,"showVisualEffectGraphs":true,"m_FxEnabled":true},"in2DMode":false,"pivot":{"x":641.5613403320313,"y":282.4293212890625,"z":833.6732788085938},"rotation":{"x":0.0028694646898657085,"y":0.29179278016090395,"z":-0.0008753432193771005,"w":0.9564773440361023},"size":412.2666320800781,"orthographic":true}